Date,Description,Amount,TransactionId,Currency,Status
2025-10-15,LOBLAWS,700.00,groceries-0,CAD,posted
2025-10-15,COSTCO WHOLESALE,150.00,warehouse-0,CAD,posted
2025-10-15,TIM HORTONS,280.00,dining-0,CAD,posted
2025-10-15,PETRO-CANADA,160.00,gas-0,CAD,posted
2025-10-15,FLO EV CHARGING,20.00,ev_charging-0,CAD,posted
2025-10-15,PRESTO TTC,40.00,transit-0,CAD,posted
2025-10-15,UBER,17.50,,CAD,posted
2025-10-15,UBER,17.50,,CAD,posted
2025-10-15,NETFLIX.COM,30.00,streaming-0,CAD,posted
2025-10-15,STEAMGAMES,15.00,gaming-0,CAD,posted
2025-10-15,HYDRO ONE,180.00,bills-0,CAD,posted
2025-10-15,AIR CANADA,90.00,travel-0,CAD,posted
2025-10-15,AMAZON.CA,220.00,AMZ-1,CAD,posted
2025-11-15,LOBLAWS,700.00,groceries-1,CAD,posted
2025-11-15,COSTCO WHOLESALE,150.00,warehouse-1,CAD,posted
2025-11-15,TIM HORTONS,280.00,dining-1,CAD,posted
2025-11-15,PETRO-CANADA,160.00,gas-1,CAD,posted
2025-11-15,FLO EV CHARGING,20.00,ev_charging-1,CAD,posted
2025-11-15,PRESTO TTC,40.00,transit-1,CAD,posted
2025-11-15,UBER,17.50,,CAD,posted
2025-11-15,UBER,17.50,,CAD,posted
2025-11-15,NETFLIX.COM,30.00,streaming-1,CAD,posted
2025-11-15,STEAMGAMES,15.00,gaming-1,CAD,posted
2025-11-15,HYDRO ONE,180.00,bills-1,CAD,posted
2025-11-15,AIR CANADA,90.00,travel-1,CAD,posted
2025-11-15,AMAZON.CA,220.00,other-1,CAD,posted
2025-12-15,LOBLAWS,700.00,groceries-2,CAD,posted
2025-12-15,COSTCO WHOLESALE,150.00,warehouse-2,CAD,posted
2025-12-15,TIM HORTONS,280.00,dining-2,CAD,posted
2025-12-15,PETRO-CANADA,160.00,gas-2,CAD,posted
2025-12-15,FLO EV CHARGING,20.00,ev_charging-2,CAD,posted
2025-12-15,PRESTO TTC,40.00,transit-2,CAD,posted
2025-12-15,UBER,17.50,,CAD,posted
2025-12-15,UBER,17.50,,CAD,posted
2025-12-15,NETFLIX.COM,30.00,streaming-2,CAD,posted
2025-12-15,STEAMGAMES,15.00,gaming-2,CAD,posted
2025-12-15,HYDRO ONE,180.00,bills-2,CAD,posted
2025-12-15,AIR CANADA,90.00,travel-2,CAD,posted
2025-12-15,AMAZON.CA,220.00,other-2,CAD,posted
2026-01-15,LOBLAWS,700.00,groceries-3,CAD,posted
2026-01-15,COSTCO WHOLESALE,150.00,warehouse-3,CAD,posted
2026-01-15,TIM HORTONS,280.00,dining-3,CAD,posted
2026-01-15,PETRO-CANADA,160.00,gas-3,CAD,posted
2026-01-15,FLO EV CHARGING,20.00,ev_charging-3,CAD,posted
2026-01-15,PRESTO TTC,40.00,transit-3,CAD,posted
2026-01-15,UBER,17.50,,CAD,posted
2026-01-15,UBER,17.50,,CAD,posted
2026-01-15,NETFLIX.COM,30.00,streaming-3,CAD,posted
2026-01-15,STEAMGAMES,15.00,gaming-3,CAD,posted
2026-01-15,HYDRO ONE,180.00,bills-3,CAD,posted
2026-01-15,AIR CANADA,90.00,travel-3,CAD,posted
2026-01-15,AMAZON.CA,220.00,other-3,CAD,posted
2026-02-15,LOBLAWS,700.00,groceries-4,CAD,posted
2026-02-15,COSTCO WHOLESALE,150.00,warehouse-4,CAD,posted
2026-02-15,TIM HORTONS,280.00,dining-4,CAD,posted
2026-02-15,PETRO-CANADA,160.00,gas-4,CAD,posted
2026-02-15,FLO EV CHARGING,20.00,ev_charging-4,CAD,posted
2026-02-15,PRESTO TTC,40.00,transit-4,CAD,posted
2026-02-15,UBER,17.50,,CAD,posted
2026-02-15,UBER,17.50,,CAD,posted
2026-02-15,NETFLIX.COM,30.00,streaming-4,CAD,posted
2026-02-15,STEAMGAMES,15.00,gaming-4,CAD,posted
2026-02-15,HYDRO ONE,180.00,bills-4,CAD,posted
2026-02-15,AIR CANADA,90.00,travel-4,CAD,posted
2026-02-15,AMAZON.CA,220.00,other-4,CAD,posted
2026-03-15,LOBLAWS,740.00,groceries-5,CAD,posted
2026-03-20,LOBLAWS,-40.00,REF-5,CAD,posted
2026-03-15,COSTCO WHOLESALE,150.00,warehouse-5,CAD,posted
2026-03-15,TIM HORTONS,280.00,dining-5,CAD,posted
2026-03-15,PETRO-CANADA,160.00,gas-5,CAD,posted
2026-03-15,FLO EV CHARGING,20.00,ev_charging-5,CAD,posted
2026-03-15,PRESTO TTC,40.00,transit-5,CAD,posted
2026-03-15,UBER,17.50,,CAD,posted
2026-03-15,UBER,17.50,,CAD,posted
2026-03-15,NETFLIX.COM,30.00,streaming-5,CAD,posted
2026-03-15,STEAMGAMES,15.00,gaming-5,CAD,posted
2026-03-15,HYDRO ONE,180.00,bills-5,CAD,posted
2026-03-15,AIR CANADA,90.00,travel-5,CAD,posted
2026-03-15,AMAZON.CA,220.00,other-5,CAD,posted
2026-04-15,LOBLAWS,700.00,groceries-6,CAD,posted
2026-04-15,COSTCO WHOLESALE,150.00,warehouse-6,CAD,posted
2026-04-15,TIM HORTONS,280.00,dining-6,CAD,posted
2026-04-15,PETRO-CANADA,160.00,gas-6,CAD,posted
2026-04-15,FLO EV CHARGING,20.00,ev_charging-6,CAD,posted
2026-04-15,PRESTO TTC,40.00,transit-6,CAD,posted
2026-04-15,UBER,17.50,,CAD,posted
2026-04-15,UBER,17.50,,CAD,posted
2026-04-15,NETFLIX.COM,30.00,streaming-6,CAD,posted
2026-04-15,STEAMGAMES,15.00,gaming-6,CAD,posted
2026-04-15,HYDRO ONE,180.00,bills-6,CAD,posted
2026-04-15,AIR CANADA,90.00,travel-6,CAD,posted
2026-04-15,AMAZON.CA,220.00,other-6,CAD,posted
2026-05-15,LOBLAWS,700.00,groceries-7,CAD,posted
2026-05-15,COSTCO WHOLESALE,150.00,warehouse-7,CAD,posted
2026-05-15,TIM HORTONS,280.00,dining-7,CAD,posted
2026-05-15,PETRO-CANADA,160.00,gas-7,CAD,posted
2026-05-15,FLO EV CHARGING,20.00,ev_charging-7,CAD,posted
2026-05-15,PRESTO TTC,40.00,transit-7,CAD,posted
2026-05-15,UBER,17.50,,CAD,posted
2026-05-15,UBER,17.50,,CAD,posted
2026-05-15,NETFLIX.COM,30.00,streaming-7,CAD,posted
2026-05-15,STEAMGAMES,15.00,gaming-7,CAD,posted
2026-05-15,HYDRO ONE,180.00,bills-7,CAD,posted
2026-05-15,AIR CANADA,90.00,travel-7,CAD,posted
2026-05-15,AMAZON.CA,220.00,other-7,CAD,posted
2026-06-15,LOBLAWS,700.00,groceries-8,CAD,posted
2026-06-15,COSTCO WHOLESALE,150.00,warehouse-8,CAD,posted
2026-06-15,TIM HORTONS,280.00,dining-8,CAD,posted
2026-06-15,PETRO-CANADA,160.00,gas-8,CAD,posted
2026-06-15,FLO EV CHARGING,20.00,ev_charging-8,CAD,posted
2026-06-15,PRESTO TTC,40.00,transit-8,CAD,posted
2026-06-15,UBER,17.50,,CAD,posted
2026-06-15,UBER,17.50,,CAD,posted
2026-06-15,NETFLIX.COM,30.00,streaming-8,CAD,posted
2026-06-15,STEAMGAMES,15.00,gaming-8,CAD,posted
2026-06-15,HYDRO ONE,180.00,bills-8,CAD,posted
2026-06-15,AIR CANADA,90.00,travel-8,CAD,posted
2026-06-15,AMAZON.CA,220.00,other-8,CAD,posted
2026-07-15,LOBLAWS,700.00,groceries-9,CAD,posted
2026-07-15,COSTCO WHOLESALE,150.00,warehouse-9,CAD,posted
2026-07-15,TIM HORTONS,280.00,dining-9,CAD,posted
2026-07-15,PETRO-CANADA,160.00,gas-9,CAD,posted
2026-07-15,FLO EV CHARGING,20.00,ev_charging-9,CAD,posted
2026-07-15,PRESTO TTC,40.00,transit-9,CAD,posted
2026-07-15,UBER,17.50,,CAD,posted
2026-07-15,UBER,17.50,,CAD,posted
2026-07-15,NETFLIX.COM,30.00,streaming-9,CAD,posted
2026-07-15,STEAMGAMES,15.00,gaming-9,CAD,posted
2026-07-15,HYDRO ONE,180.00,bills-9,CAD,posted
2026-07-15,AIR CANADA,90.00,travel-9,CAD,posted
2026-07-15,AMAZON.CA,220.00,other-9,CAD,posted
2026-08-15,LOBLAWS,700.00,groceries-10,CAD,posted
2026-08-15,COSTCO WHOLESALE,150.00,warehouse-10,CAD,posted
2026-08-15,TIM HORTONS,280.00,dining-10,CAD,posted
2026-08-15,PETRO-CANADA,160.00,gas-10,CAD,posted
2026-08-15,FLO EV CHARGING,20.00,ev_charging-10,CAD,posted
2026-08-15,PRESTO TTC,40.00,transit-10,CAD,posted
2026-08-15,UBER,17.50,,CAD,posted
2026-08-15,UBER,17.50,,CAD,posted
2026-08-15,NETFLIX.COM,30.00,streaming-10,CAD,posted
2026-08-15,STEAMGAMES,15.00,gaming-10,CAD,posted
2026-08-15,HYDRO ONE,180.00,bills-10,CAD,posted
2026-08-15,AIR CANADA,90.00,travel-10,CAD,posted
2026-08-15,AMAZON.CA,220.00,other-10,CAD,posted
2026-09-15,LOBLAWS,700.00,groceries-11,CAD,posted
2026-09-15,COSTCO WHOLESALE,150.00,warehouse-11,CAD,posted
2026-09-15,TIM HORTONS,280.00,dining-11,CAD,posted
2026-09-15,PETRO-CANADA,160.00,gas-11,CAD,posted
2026-09-15,FLO EV CHARGING,20.00,ev_charging-11,CAD,posted
2026-09-15,PRESTO TTC,40.00,transit-11,CAD,posted
2026-09-15,UBER,17.50,,CAD,posted
2026-09-15,UBER,17.50,,CAD,posted
2026-09-15,NETFLIX.COM,30.00,streaming-11,CAD,posted
2026-09-15,STEAMGAMES,15.00,gaming-11,CAD,posted
2026-09-15,HYDRO ONE,180.00,bills-11,CAD,posted
2026-09-15,AIR CANADA,90.00,travel-11,CAD,posted
2026-09-15,AMAZON.CA,220.00,other-11,CAD,posted
2025-11-02,PAYMENT THANK YOU,-800.00,PAY-1,CAD,posted
2025-12-01,INTEREST CHARGE,12.40,INT-1,CAD,posted
2026-01-15,ANNUAL FEE,20.00,FEE-1,CAD,posted
2026-02-01,CASH ADVANCE,40.00,CA-1,CAD,posted
2025-10-16,AMAZON.CA,10.00,AMZ-1,CAD,posted
2026-04-04,SQ *CORNER STORE,18.00,UNK-1,CAD,posted